raw_token,origin_candidate,recommended_raw_objects,coverage_status,file_path,function_or_component,event_name,sample_payload,explanation
accept_flag,field_app,fact_dispatch_event,MISSING,,,,,No explicit capture path found in the accessible repo subset or manual function review.
access_granted_timestamp,field_app,fact_arrival_event,MISSING,,,,,No explicit capture path found in the accessible repo subset or manual function review.
action_log,backend,bronze_technician_profile_snapshot,OUT_OF_SCOPE_BACKEND,,,,,Token maps to backend-only source objects in the atlas and should not be emitted by the field app.
activation_domain,backend,bronze_deal_yaml_context,OUT_OF_SCOPE_BACKEND,,,,,Token maps to backend-only source objects in the atlas and should not be emitted by the field app.
actual_mileage,either,fact_travel_event,PARTIAL,"src/pages/TimeLog.jsx:226-246; public/openapi.yaml:248-279,586-617",TimeLog.submitTimeEntry / TimeEntryCreate,work_start|work_stop|break_start|break_end|travel_start|travel_end,"{""job_id"":""job_123"",""entry_type"":""travel_start"",""timestamp"":""2026-03-16T08:45:00.000Z"",""source"":""app"",""sync_status"":""pending""}",Time entries are created explicitly and can be used to derive travel/work timestamps and durations.
actual_step_duration_min,field_app,fact_artifact_event / fact_domain_tool_log; fact_dispatch_event; fact_qc_event / fact_domain_tool_log; fact_runbook_step_event; fact_runbook_step_event / fact_domain_tool_log,PARTIAL,functions/runbookStepResult.ts (manual repo review),POST /mock/api/runbooks/steps/result,runbook_step_result,"{""stepId"":""step_phase2_3"",""workOrderId"":""job_123"",""techId"":""tech_123"",""result"":""complete"",""durationSeconds"":420,""evidenceIds"":[""ev_123""]}","Runbook step result path exists and writes Activity/AuditLog, but not the atlas runbook_step_event schema."
actual_tool_scan,field_app,fact_arrival_event; fact_tool_check_event,PARTIAL,functions/runbookStepResult.ts (manual repo review),POST /mock/api/runbooks/steps/result,runbook_step_result,"{""stepId"":""step_phase2_3"",""workOrderId"":""job_123"",""techId"":""tech_123"",""result"":""complete"",""durationSeconds"":420,""evidenceIds"":[""ev_123""]}","Runbook step result path exists and writes Activity/AuditLog, but not the atlas runbook_step_event schema."
artifact_id,field_app,fact_artifact_event; fact_artifact_event / fact_domain_tool_log; fact_dispatch_event; fact_qc_event / fact_domain_tool_log; fact_runbook_step_event / fact_domain_tool_log,PRESENT,functions/registerEvidence.ts (manual repo review),POST /mock/api/evidence,registerEvidence,"{""workOrderId"":""job_123"",""siteId"":""site_456"",""uploaderId"":""tech_123"",""blobUrl"":""https://storage/evidence.jpg"",""captureTs"":""2026-03-16T09:12:33.000Z"",""captureLat"":51.5074,""captureLon"":-0.1278,""mimeType"":""image/jpeg"",""sha256"":""abc123"",""runbookStepId"":""step_phase2_3""}","Manual function creates Evidence, UploadManifest, Activity(upload), and AuditLog(evidence_upload)."
asset_tag_capture_flag,field_app,fact_artifact_event; fact_dispatch_event,PARTIAL,"src/hooks/useUploadQueue.js:143-158,246-279",useUploadQueue.uploadItemOnce / addToQueue,evidence_upload,"{""client_event_id"":""evt-kp2m4q-b7e03c1f"",""job_id"":""job_123"",""capture_ts"":""2026-03-16T09:12:33.000Z"",""face_blur"":true,""tags"":[""before_photo""],""serial_number"":""SN-12345""}","Evidence metadata is captured with offline retry, but atlas artifact lifecycle events are not emitted."
assignment_id,field_app,fact_dispatch_event,MISSING,,,,,No explicit capture path found in the accessible repo subset or manual function review.
background_check_status,field_app,fact_runbook_step_event; fact_tool_check_event,MISSING,,,,,No explicit capture path found in the accessible repo subset or manual function review.
billable_hours,either,fact_closeout_event; fact_qc_event; fact_runbook_step_event; fact_travel_event,PARTIAL,"src/pages/TimeLog.jsx:34-54,226-246",TimeLog.calculateDurations / submitTimeEntry,derived_time_metrics,"{""job_id"":""job_123"",""work_seconds"":5400,""travel_seconds"":1800,""break_seconds"":900}","Durations are derived in the UI from timestamp pairs, not persisted as canonical atlas metrics."
blackout_flag,field_app,fact_dispatch_event,MISSING,,,,,No explicit capture path found in the accessible repo subset or manual function review.
blocker_notice_timestamp,field_app,fact_arrival_event; fact_escalation_event; fact_travel_event,PARTIAL,src/lib/telemetry.js:81-239,trackEvent / telemetry* helpers,job_check_in|evidence_upload_*|time_clock_*|runbook_step_complete|job_closeout|blocker_created,"{""job_id"":""job_123"",""entry_type"":""travel_start"",""duration_seconds"":900}","Base44 analytics events exist, but they scrub identifiers/coordinates and omit atlas envelope fields."
bom_review_completed_flag,field_app,fact_tool_check_event,MISSING,,,,,No explicit capture path found in the accessible repo subset or manual function review.
bom_review_flag,field_app,fact_arrival_event; fact_runbook_step_event / fact_domain_tool_log; fact_tool_check_event,PARTIAL,functions/runbookStepResult.ts (manual repo review),POST /mock/api/runbooks/steps/result,runbook_step_result,"{""stepId"":""step_phase2_3"",""workOrderId"":""job_123"",""techId"":""tech_123"",""result"":""complete"",""durationSeconds"":420,""evidenceIds"":[""ev_123""]}","Runbook step result path exists and writes Activity/AuditLog, but not the atlas runbook_step_event schema."
bom_version,field_app,fact_tool_check_event,MISSING,,,,,No explicit capture path found in the accessible repo subset or manual function review.
calendar_block_state,field_app,fact_dispatch_event,MISSING,,,,,No explicit capture path found in the accessible repo subset or manual function review.
cancel_timestamp,field_app,fact_dispatch_event,MISSING,,,,,No explicit capture path found in the accessible repo subset or manual function review.
checkin_message_flag,field_app,fact_arrival_event; fact_escalation_event; fact_travel_event,PARTIAL,src/lib/telemetry.js:81-239,trackEvent / telemetry* helpers,job_check_in|evidence_upload_*|time_clock_*|runbook_step_complete|job_closeout|blocker_created,"{""job_id"":""job_123"",""entry_type"":""travel_start"",""duration_seconds"":900}","Base44 analytics events exist, but they scrub identifiers/coordinates and omit atlas envelope fields."
checkin_timestamp,field_app,fact_arrival_event,PRESENT,"src/hooks/useJobQueue.js:20-27,97-148",useJobQueue.startTimer / eventTypeToJobUpdate,check_in,"{""client_event_id"":""evt-lp4abc-xyz"",""job_id"":""job_123"",""event_type"":""check_in"",""assignee_id"":""tech@example.com"",""device_ts"":""2026-03-16T15:49:00Z"",""device_meta"":{""battery"":null,""gps_accuracy"":null}}","Optimistic check-in queue stores timestamp and assignee email, then mutates Job.check_in_time/status."
clean_leave_behind_score,either,fact_feedback_event,MISSING,,,,,No explicit capture path found in the accessible repo subset or manual function review.
closeout_flag,field_app,fact_artifact_event / fact_domain_tool_log,PARTIAL,src/lib/telemetry.js:81-239,trackEvent / telemetry* helpers,job_check_in|evidence_upload_*|time_clock_*|runbook_step_complete|job_closeout|blocker_created,"{""job_id"":""job_123"",""entry_type"":""travel_start"",""duration_seconds"":900}","Base44 analytics events exist, but they scrub identifiers/coordinates and omit atlas envelope fields."
closeout_submit_timestamp,field_app,fact_artifact_event; fact_closeout_event,PARTIAL,src/lib/telemetry.js:81-239,trackEvent / telemetry* helpers,job_check_in|evidence_upload_*|time_clock_*|runbook_step_complete|job_closeout|blocker_created,"{""job_id"":""job_123"",""entry_type"":""travel_start"",""duration_seconds"":900}","Base44 analytics events exist, but they scrub identifiers/coordinates and omit atlas envelope fields."
coaching_acceptance_flag,field_app,fact_artifact_event; fact_dispatch_event; fact_feedback_event; fact_runbook_step_event; fact_tool_check_event,MISSING,,,,,No explicit capture path found in the accessible repo subset or manual function review.
coaching_feedback_timestamp,field_app,fact_dispatch_event; fact_runbook_step_event,MISSING,,,,,No explicit capture path found in the accessible repo subset or manual function review.
complaint_count,either,fact_feedback_event,MISSING,,,,,No explicit capture path found in the accessible repo subset or manual function review.
compliance_check_id,field_app,fact_runbook_step_event / fact_domain_tool_log,MISSING,,,,,No explicit capture path found in the accessible repo subset or manual function review.
compliment_count,either,fact_feedback_event,MISSING,,,,,No explicit capture path found in the accessible repo subset or manual function review.
configuration_accuracy_flag,field_app,fact_artifact_event; fact_qc_event,PARTIAL,src/pages/AdminQC.jsx:179-204,AdminQC.handleOverride / handleToggleRedact / handleRetryAll,qc_override,"{""qc_status"":""failed"",""qc_fail_reasons"":""blurry"",""face_redacted"":true}","QC UI updates verdict/redaction state on evidence records, but not a canonical fact_qc_event envelope."
credential_expiry_date,field_app,fact_runbook_step_event,MISSING,,,,,No explicit capture path found in the accessible repo subset or manual function review.
credential_or_constraint_type,backend,bronze_technician_profile_snapshot,OUT_OF_SCOPE_BACKEND,,,,,Token maps to backend-only source objects in the atlas and should not be emitted by the field app.
credential_status,field_app,fact_runbook_step_event,MISSING,,,,,No explicit capture path found in the accessible repo subset or manual function review.
credential_type,field_app,fact_runbook_step_event; fact_tool_check_event,MISSING,,,,,No explicit capture path found in the accessible repo subset or manual function review.
cross_domain_job_flag,field_app,fact_artifact_event; fact_dispatch_event; fact_feedback_event; fact_runbook_step_event; fact_tool_check_event,MISSING,,,,,No explicit capture path found in the accessible repo subset or manual function review.
csat_score,either,fact_feedback_event,PARTIAL,src/lib/types/index.ts:42-48,Job type,closeout_signoff_fields,"{""signoff_signature_url"":""https://cdn/signature.png"",""signoff_csat"":5,""signoff_notes"":""Customer approved""}",Closeout fields exist in types but are not emitted via an ingestion route in the accessible code.
customer_notes_review_flag,field_app,fact_arrival_event; fact_runbook_step_event / fact_domain_tool_log; fact_tool_check_event,MISSING,,,,,No explicit capture path found in the accessible repo subset or manual function review.
customer_signature_flag,field_app,fact_artifact_event; fact_dispatch_event,PARTIAL,src/lib/types/index.ts:42-48,Job type,closeout_signoff_fields,"{""signoff_signature_url"":""https://cdn/signature.png"",""signoff_csat"":5,""signoff_notes"":""Customer approved""}",Closeout fields exist in types but are not emitted via an ingestion route in the accessible code.
customer_signoff_timestamp,field_app,fact_artifact_event; fact_closeout_event,PARTIAL,src/lib/types/index.ts:42-48,Job type,closeout_signoff_fields,"{""signoff_signature_url"":""https://cdn/signature.png"",""signoff_csat"":5,""signoff_notes"":""Customer approved""}",Closeout fields exist in types but are not emitted via an ingestion route in the accessible code.
customer_update_count,either,fact_arrival_event; fact_escalation_event; fact_travel_event,MISSING,,,,,No explicit capture path found in the accessible repo subset or manual function review.
decline_flag,field_app,fact_dispatch_event,MISSING,,,,,No explicit capture path found in the accessible repo subset or manual function review.
defect_count,either,fact_artifact_event; fact_artifact_event / fact_domain_tool_log; fact_qc_event; fact_qc_event / fact_domain_tool_log; fact_runbook_step_event / fact_domain_tool_log,PARTIAL,src/pages/AdminQC.jsx:179-204,AdminQC.handleOverride / handleToggleRedact / handleRetryAll,qc_override,"{""qc_status"":""failed"",""qc_fail_reasons"":""blurry"",""face_redacted"":true}","QC UI updates verdict/redaction state on evidence records, but not a canonical fact_qc_event envelope."
defect_exception_flag,field_app,fact_qc_event / fact_domain_tool_log,MISSING,,,,,No explicit capture path found in the accessible repo subset or manual function review.
defect_flag,field_app,fact_artifact_event / fact_domain_tool_log; fact_qc_event; fact_qc_event / fact_domain_tool_log; fact_runbook_step_event / fact_domain_tool_log,PARTIAL,src/pages/AdminQC.jsx:179-204,AdminQC.handleOverride / handleToggleRedact / handleRetryAll,qc_override,"{""qc_status"":""failed"",""qc_fail_reasons"":""blurry"",""face_redacted"":true}","QC UI updates verdict/redaction state on evidence records, but not a canonical fact_qc_event envelope."
dependency_block_min,field_app,fact_runbook_step_event; fact_tool_check_event,MISSING,,,,,No explicit capture path found in the accessible repo subset or manual function review.
docs_opened_count,either,fact_tool_check_event,MISSING,,,,,No explicit capture path found in the accessible repo subset or manual function review.
documentation_artifact_id,field_app,fact_artifact_event / fact_domain_tool_log,PARTIAL,functions/registerEvidence.ts (manual repo review),POST /mock/api/evidence,registerEvidence,"{""workOrderId"":""job_123"",""siteId"":""site_456"",""uploaderId"":""tech_123"",""blobUrl"":""https://storage/evidence.jpg"",""captureTs"":""2026-03-16T09:12:33.000Z"",""captureLat"":51.5074,""captureLon"":-0.1278,""mimeType"":""image/jpeg"",""sha256"":""abc123"",""runbookStepId"":""step_phase2_3""}","Manual function creates Evidence, UploadManifest, Activity(upload), and AuditLog(evidence_upload)."
documentation_pass_flag,field_app,fact_artifact_event / fact_domain_tool_log,PARTIAL,src/pages/AdminQC.jsx:179-204,AdminQC.handleOverride / handleToggleRedact / handleRetryAll,qc_override,"{""qc_status"":""failed"",""qc_fail_reasons"":""blurry"",""face_redacted"":true}","QC UI updates verdict/redaction state on evidence records, but not a canonical fact_qc_event envelope."
drug_test_status,field_app,fact_runbook_step_event; fact_tool_check_event,MISSING,,,,,No explicit capture path found in the accessible repo subset or manual function review.
effective_date,either,bronze_technician_profile_snapshot; fact_runbook_step_event; fact_tool_check_event,MISSING,,,,,No explicit capture path found in the accessible repo subset or manual function review.
escalation_id,field_app,fact_arrival_event; fact_escalation_event; fact_travel_event,PARTIAL,src/lib/telemetry.js:81-239,trackEvent / telemetry* helpers,job_check_in|evidence_upload_*|time_clock_*|runbook_step_complete|job_closeout|blocker_created,"{""job_id"":""job_123"",""entry_type"":""travel_start"",""duration_seconds"":900}","Base44 analytics events exist, but they scrub identifiers/coordinates and omit atlas envelope fields."
escalation_quality_score,either,fact_arrival_event; fact_escalation_event; fact_travel_event,MISSING,,,,,No explicit capture path found in the accessible repo subset or manual function review.
eta_ack_timestamp,field_app,fact_dispatch_event; fact_travel_event,MISSING,,,,,No explicit capture path found in the accessible repo subset or manual function review.
eta_update_timestamp,field_app,fact_arrival_event; fact_dispatch_event; fact_escalation_event; fact_travel_event,MISSING,,,,,No explicit capture path found in the accessible repo subset or manual function review.
evidence_complete_flag,field_app,fact_artifact_event / fact_domain_tool_log; fact_qc_event / fact_domain_tool_log; fact_runbook_step_event / fact_domain_tool_log,PARTIAL,functions/runbookStepResult.ts (manual repo review),POST /mock/api/runbooks/steps/result,runbook_step_result,"{""stepId"":""step_phase2_3"",""workOrderId"":""job_123"",""techId"":""tech_123"",""result"":""complete"",""durationSeconds"":420,""evidenceIds"":[""ev_123""]}","Runbook step result path exists and writes Activity/AuditLog, but not the atlas runbook_step_event schema."
evidence_span_or_attachment_ref,backend,bronze_deal_yaml_context,OUT_OF_SCOPE_BACKEND,,,,,Token maps to backend-only source objects in the atlas and should not be emitted by the field app.
exception_flag,field_app,fact_runbook_step_event / fact_domain_tool_log,MISSING,,,,,No explicit capture path found in the accessible repo subset or manual function review.
execution_flag,field_app,fact_artifact_event / fact_domain_tool_log; fact_qc_event / fact_domain_tool_log; fact_runbook_step_event / fact_domain_tool_log,PARTIAL,functions/runbookStepResult.ts (manual repo review),POST /mock/api/runbooks/steps/result,runbook_step_result,"{""stepId"":""step_phase2_3"",""workOrderId"":""job_123"",""techId"":""tech_123"",""result"":""complete"",""durationSeconds"":420,""evidenceIds"":[""ev_123""]}","Runbook step result path exists and writes Activity/AuditLog, but not the atlas runbook_step_event schema."
expectation_setting_score,either,fact_feedback_event,MISSING,,,,,No explicit capture path found in the accessible repo subset or manual function review.
expense_approved_flag,field_app,fact_closeout_event; fact_travel_event,MISSING,,,,,No explicit capture path found in the accessible repo subset or manual function review.
expense_submit_timestamp,field_app,fact_artifact_event; fact_closeout_event; fact_travel_event,MISSING,,,,,No explicit capture path found in the accessible repo subset or manual function review.
expense_variance_pct,either,fact_closeout_event; fact_travel_event,MISSING,,,,,No explicit capture path found in the accessible repo subset or manual function review.
expiry_date,either,bronze_technician_profile_snapshot; fact_runbook_step_event; fact_tool_check_event,MISSING,,,,,No explicit capture path found in the accessible repo subset or manual function review.
extract_confidence,backend,bronze_deal_yaml_context,OUT_OF_SCOPE_BACKEND,,,,,Token maps to backend-only source objects in the atlas and should not be emitted by the field app.
extractor=boolean_from_explicit_yes_no_or_required_phrase,backend,bronze_deal_yaml_context,OUT_OF_SCOPE_BACKEND,,,,,Token maps to backend-only source objects in the atlas and should not be emitted by the field app.
extractor=carrier_name_from_order_form_or_service_schedule,backend,bronze_deal_yaml_context,OUT_OF_SCOPE_BACKEND,,,,,Token maps to backend-only source objects in the atlas and should not be emitted by the field app.
extractor=change_order_mode_from_contract_clause,backend,bronze_deal_yaml_context,OUT_OF_SCOPE_BACKEND,,,,,Token maps to backend-only source objects in the atlas and should not be emitted by the field app.
extractor=company_name_from_doc_header_or_signature,backend,bronze_deal_yaml_context,OUT_OF_SCOPE_BACKEND,,,,,Token maps to backend-only source objects in the atlas and should not be emitted by the field app.
extractor=contact_email_from_email_headers_or_body,backend,bronze_deal_yaml_context,OUT_OF_SCOPE_BACKEND,,,,,Token maps to backend-only source objects in the atlas and should not be emitted by the field app.
extractor=contact_name_from_email_signature_or_contacts_table,backend,bronze_deal_yaml_context,OUT_OF_SCOPE_BACKEND,,,,,Token maps to backend-only source objects in the atlas and should not be emitted by the field app.
extractor=contact_phone_from_signature_or_contact_block,backend,bronze_deal_yaml_context,OUT_OF_SCOPE_BACKEND,,,,,Token maps to backend-only source objects in the atlas and should not be emitted by the field app.
extractor=currency_from_fee_table_or_commercial_clause,backend,bronze_deal_yaml_context,OUT_OF_SCOPE_BACKEND,,,,,Token maps to backend-only source objects in the atlas and should not be emitted by the field app.
extractor=currency_from_not_to_exceed_clause_or_fee_table,backend,bronze_deal_yaml_context,OUT_OF_SCOPE_BACKEND,,,,,Token maps to backend-only source objects in the atlas and should not be emitted by the field app.
extractor=date_from_explicit_calendar_mentions,backend,bronze_deal_yaml_context,OUT_OF_SCOPE_BACKEND,,,,,Token maps to backend-only source objects in the atlas and should not be emitted by the field app.
extractor=device_type_list_from_scope_or_bom,backend,bronze_deal_yaml_context,OUT_OF_SCOPE_BACKEND,,,,,Token maps to backend-only source objects in the atlas and should not be emitted by the field app.
extractor=effective_date_from_signature_block_or_header,backend,bronze_deal_yaml_context,OUT_OF_SCOPE_BACKEND,,,,,Token maps to backend-only source objects in the atlas and should not be emitted by the field app.
extractor=enum_from_allowed_value_match,backend,bronze_deal_yaml_context,OUT_OF_SCOPE_BACKEND,,,,,Token maps to backend-only source objects in the atlas and should not be emitted by the field app.
extractor=identifier_from_reference_table_or_clause,backend,bronze_deal_yaml_context,OUT_OF_SCOPE_BACKEND,,,,,Token maps to backend-only source objects in the atlas and should not be emitted by the field app.
extractor=identifier_from_reference_table_or_explicit_label,backend,bronze_deal_yaml_context,OUT_OF_SCOPE_BACKEND,,,,,Token maps to backend-only source objects in the atlas and should not be emitted by the field app.
extractor=iso_currency_code_from_fee_table_or_contract,backend,bronze_deal_yaml_context,OUT_OF_SCOPE_BACKEND,,,,,Token maps to backend-only source objects in the atlas and should not be emitted by the field app.
extractor=measurement_from_spec_table_or_inline,backend,bronze_deal_yaml_context,OUT_OF_SCOPE_BACKEND,,,,,Token maps to backend-only source objects in the atlas and should not be emitted by the field app.
extractor=numeric_from_change_order_or_po_clause,backend,bronze_deal_yaml_context,OUT_OF_SCOPE_BACKEND,,,,,Token maps to backend-only source objects in the atlas and should not be emitted by the field app.
extractor=numeric_from_explicit_count_or_table,backend,bronze_deal_yaml_context,OUT_OF_SCOPE_BACKEND,,,,,Token maps to backend-only source objects in the atlas and should not be emitted by the field app.
extractor=numeric_from_rate_card_or_pricing_table,backend,bronze_deal_yaml_context,OUT_OF_SCOPE_BACKEND,,,,,Token maps to backend-only source objects in the atlas and should not be emitted by the field app.
extractor=numeric_from_schedule_clause_or_module,backend,bronze_deal_yaml_context,OUT_OF_SCOPE_BACKEND,,,,,Token maps to backend-only source objects in the atlas and should not be emitted by the field app.
extractor=percentage_from_fee_table,backend,bronze_deal_yaml_context,OUT_OF_SCOPE_BACKEND,,,,,Token maps to backend-only source objects in the atlas and should not be emitted by the field app.
extractor=policy_from_acceptance_section_or_redlines,backend,bronze_deal_yaml_context,OUT_OF_SCOPE_BACKEND,,,,,Token maps to backend-only source objects in the atlas and should not be emitted by the field app.
extractor=policy_from_assumptions_section,backend,bronze_deal_yaml_context,OUT_OF_SCOPE_BACKEND,,,,,Token maps to backend-only source objects in the atlas and should not be emitted by the field app.
extractor=policy_from_cancellation_clause_or_module,backend,bronze_deal_yaml_context,OUT_OF_SCOPE_BACKEND,,,,,Token maps to backend-only source objects in the atlas and should not be emitted by the field app.
extractor=policy_from_change_control_clause,backend,bronze_deal_yaml_context,OUT_OF_SCOPE_BACKEND,,,,,Token maps to backend-only source objects in the atlas and should not be emitted by the field app.
extractor=policy_from_change_order_clause_or_module,backend,bronze_deal_yaml_context,OUT_OF_SCOPE_BACKEND,,,,,Token maps to backend-only source objects in the atlas and should not be emitted by the field app.
extractor=policy_from_clause_or_section,backend,bronze_deal_yaml_context,OUT_OF_SCOPE_BACKEND,,,,,Token maps to backend-only source objects in the atlas and should not be emitted by the field app.
extractor=policy_from_country_multiplier_clause,backend,bronze_deal_yaml_context,OUT_OF_SCOPE_BACKEND,,,,,Token maps to backend-only source objects in the atlas and should not be emitted by the field app.
extractor=policy_from_customer_responsibilities_section,backend,bronze_deal_yaml_context,OUT_OF_SCOPE_BACKEND,,,,,Token maps to backend-only source objects in the atlas and should not be emitted by the field app.
extractor=policy_from_dependencies_section,backend,bronze_deal_yaml_context,OUT_OF_SCOPE_BACKEND,,,,,Token maps to backend-only source objects in the atlas and should not be emitted by the field app.
extractor=policy_from_escalation_clause,backend,bronze_deal_yaml_context,OUT_OF_SCOPE_BACKEND,,,,,Token maps to backend-only source objects in the atlas and should not be emitted by the field app.
extractor=policy_from_hours_clause_or_module,backend,bronze_deal_yaml_context,OUT_OF_SCOPE_BACKEND,,,,,Token maps to backend-only source objects in the atlas and should not be emitted by the field app.
extractor=policy_from_invoicing_clause,backend,bronze_deal_yaml_context,OUT_OF_SCOPE_BACKEND,,,,,Token maps to backend-only source objects in the atlas and should not be emitted by the field app.
extractor=policy_from_non_standard_terms_section,backend,bronze_deal_yaml_context,OUT_OF_SCOPE_BACKEND,,,,,Token maps to backend-only source objects in the atlas and should not be emitted by the field app.
extractor=policy_from_out_of_scope_section,backend,bronze_deal_yaml_context,OUT_OF_SCOPE_BACKEND,,,,,Token maps to backend-only source objects in the atlas and should not be emitted by the field app.
extractor=policy_from_payment_terms_clause,backend,bronze_deal_yaml_context,OUT_OF_SCOPE_BACKEND,,,,,Token maps to backend-only source objects in the atlas and should not be emitted by the field app.
extractor=policy_from_provider_responsibilities_section,backend,bronze_deal_yaml_context,OUT_OF_SCOPE_BACKEND,,,,,Token maps to backend-only source objects in the atlas and should not be emitted by the field app.
extractor=policy_from_remote_delivery_clause,backend,bronze_deal_yaml_context,OUT_OF_SCOPE_BACKEND,,,,,Token maps to backend-only source objects in the atlas and should not be emitted by the field app.
extractor=policy_from_reporting_cadence_section,backend,bronze_deal_yaml_context,OUT_OF_SCOPE_BACKEND,,,,,Token maps to backend-only source objects in the atlas and should not be emitted by the field app.
extractor=policy_from_risks_constraints_section,backend,bronze_deal_yaml_context,OUT_OF_SCOPE_BACKEND,,,,,Token maps to backend-only source objects in the atlas and should not be emitted by the field app.
extractor=policy_from_schedule_control_clause_or_module,backend,bronze_deal_yaml_context,OUT_OF_SCOPE_BACKEND,,,,,Token maps to backend-only source objects in the atlas and should not be emitted by the field app.
extractor=policy_from_travel_clause_or_module,backend,bronze_deal_yaml_context,OUT_OF_SCOPE_BACKEND,,,,,Token maps to backend-only source objects in the atlas and should not be emitted by the field app.
extractor=policy_from_travel_limits_clause_or_module,backend,bronze_deal_yaml_context,OUT_OF_SCOPE_BACKEND,,,,,Token maps to backend-only source objects in the atlas and should not be emitted by the field app.
extractor=pricing_model_from_fee_section_choice,backend,bronze_deal_yaml_context,OUT_OF_SCOPE_BACKEND,,,,,Token maps to backend-only source objects in the atlas and should not be emitted by the field app.
extractor=project_name_from_doc_title_or_subject,backend,bronze_deal_yaml_context,OUT_OF_SCOPE_BACKEND,,,,,Token maps to backend-only source objects in the atlas and should not be emitted by the field app.
extractor=provider_pm_name_from_signature_or_contact_block,backend,bronze_deal_yaml_context,OUT_OF_SCOPE_BACKEND,,,,,Token maps to backend-only source objects in the atlas and should not be emitted by the field app.
extractor=schedule_dates_from_move_plan_or_calendar_rows,backend,bronze_deal_yaml_context,OUT_OF_SCOPE_BACKEND,,,,,Token maps to backend-only source objects in the atlas and should not be emitted by the field app.
extractor=site_address_from_doc_address_parser,backend,bronze_deal_yaml_context,OUT_OF_SCOPE_BACKEND,,,,,Token maps to backend-only source objects in the atlas and should not be emitted by the field app.
extractor=site_count_from_location_table_or_explicit_count,backend,bronze_deal_yaml_context,OUT_OF_SCOPE_BACKEND,,,,,Token maps to backend-only source objects in the atlas and should not be emitted by the field app.
extractor=site_list_from_location_table_or_attachment,backend,bronze_deal_yaml_context,OUT_OF_SCOPE_BACKEND,,,,,Token maps to backend-only source objects in the atlas and should not be emitted by the field app.
extractor=site_name_from_location_table_or_header,backend,bronze_deal_yaml_context,OUT_OF_SCOPE_BACKEND,,,,,Token maps to backend-only source objects in the atlas and should not be emitted by the field app.
extractor=sow_title_from_doc_title_or_subject,backend,bronze_deal_yaml_context,OUT_OF_SCOPE_BACKEND,,,,,Token maps to backend-only source objects in the atlas and should not be emitted by the field app.
extractor=stakeholder_list_from_contacts_table_or_email_thread,backend,bronze_deal_yaml_context,OUT_OF_SCOPE_BACKEND,,,,,Token maps to backend-only source objects in the atlas and should not be emitted by the field app.
extractor=summary_from_batched_sections,backend,bronze_deal_yaml_context,OUT_OF_SCOPE_BACKEND,,,,,Token maps to backend-only source objects in the atlas and should not be emitted by the field app.
extractor=summary_from_schedule_and_milestones_sections,backend,bronze_deal_yaml_context,OUT_OF_SCOPE_BACKEND,,,,,Token maps to backend-only source objects in the atlas and should not be emitted by the field app.
extractor=summary_from_scope_and_deliverables_sections,backend,bronze_deal_yaml_context,OUT_OF_SCOPE_BACKEND,,,,,Token maps to backend-only source objects in the atlas and should not be emitted by the field app.
extractor=summary_from_staffing_and_shift_sections,backend,bronze_deal_yaml_context,OUT_OF_SCOPE_BACKEND,,,,,Token maps to backend-only source objects in the atlas and should not be emitted by the field app.
extractor=time_window_from_explicit_schedule_mentions,backend,bronze_deal_yaml_context,OUT_OF_SCOPE_BACKEND,,,,,Token maps to backend-only source objects in the atlas and should not be emitted by the field app.
extractor=title_from_doc_title_or_subject,backend,bronze_deal_yaml_context,OUT_OF_SCOPE_BACKEND,,,,,Token maps to backend-only source objects in the atlas and should not be emitted by the field app.
feedback_record_id,field_app,fact_feedback_event,MISSING,,,,,No explicit capture path found in the accessible repo subset or manual function review.
feedback_timestamp,field_app,fact_feedback_event,MISSING,,,,,No explicit capture path found in the accessible repo subset or manual function review.
field_value,backend,bronze_deal_yaml_context,OUT_OF_SCOPE_BACKEND,,,,,Token maps to backend-only source objects in the atlas and should not be emitted by the field app.
first_pass_flag,field_app,fact_artifact_event; fact_artifact_event / fact_domain_tool_log; fact_qc_event; fact_qc_event / fact_domain_tool_log; fact_runbook_step_event / fact_domain_tool_log,PARTIAL,src/pages/AdminQC.jsx:179-204,AdminQC.handleOverride / handleToggleRedact / handleRetryAll,qc_override,"{""qc_status"":""failed"",""qc_fail_reasons"":""blurry"",""face_redacted"":true}","QC UI updates verdict/redaction state on evidence records, but not a canonical fact_qc_event envelope."
first_tool_touch_timestamp,field_app,fact_arrival_event,MISSING,,,,,No explicit capture path found in the accessible repo subset or manual function review.
geofence_arrival_timestamp,field_app,fact_arrival_event; fact_travel_event,PARTIAL,"src/pages/TimeLog.jsx:226-246; public/openapi.yaml:248-279,586-617",TimeLog.submitTimeEntry / TimeEntryCreate,work_start|work_stop|break_start|break_end|travel_start|travel_end,"{""job_id"":""job_123"",""entry_type"":""travel_start"",""timestamp"":""2026-03-16T08:45:00.000Z"",""source"":""app"",""sync_status"":""pending""}",Time entries are created explicitly and can be used to derive travel/work timestamps and durations.
handoff_wait_min,field_app,fact_runbook_step_event; fact_tool_check_event,MISSING,,,,,NOT FOUND in searched repo subset/manual function review.
improvement_after_feedback_score,either,fact_artifact_event; fact_dispatch_event; fact_feedback_event; fact_runbook_step_event; fact_tool_check_event,MISSING,,,,,No explicit capture path found in the accessible repo subset or manual function review.
incident_id,field_app,fact_escalation_event; fact_runbook_step_event,PARTIAL,src/lib/telemetry.js:81-239,trackEvent / telemetry* helpers,job_check_in|evidence_upload_*|time_clock_*|runbook_step_complete|job_closeout|blocker_created,"{""job_id"":""job_123"",""entry_type"":""travel_start"",""duration_seconds"":900}","Base44 analytics events exist, but they scrub identifiers/coordinates and omit atlas envelope fields."
insurance_wc_status,field_app,fact_runbook_step_event; fact_tool_check_event,MISSING,,,,,No explicit capture path found in the accessible repo subset or manual function review.
inventory_variance_pct,either,fact_closeout_event; fact_qc_event; fact_runbook_step_event; fact_tool_check_event; fact_travel_event,MISSING,,,,,No explicit capture path found in the accessible repo subset or manual function review.
invoice_support_docs_flag,field_app,fact_artifact_event; fact_closeout_event,MISSING,,,,,No explicit capture path found in the accessible repo subset or manual function review.
job_id,field_app,fact_arrival_event; fact_artifact_event; fact_artifact_event / fact_domain_tool_log; fact_closeout_event; fact_dispatch_event; fact_escalation_event; fact_feedback_event; fact_qc_event; fact_qc_event / fact_domain_tool_log; fact_runbook_step_event; fact_runbook_step_event / fact_domain_tool_log; fact_tool_check_event; fact_travel_event,PRESENT,"src/hooks/useUploadQueue.js:143-158,246-279",useUploadQueue.uploadItemOnce / addToQueue,evidence_upload,"{""client_event_id"":""evt-kp2m4q-b7e03c1f"",""job_id"":""job_123"",""capture_ts"":""2026-03-16T09:12:33.000Z"",""face_blur"":true,""tags"":[""before_photo""],""serial_number"":""SN-12345""}","Evidence metadata is captured with offline retry, but atlas artifact lifecycle events are not emitted."
jsa_completed_flag,field_app,fact_escalation_event; fact_runbook_step_event; fact_tool_check_event,MISSING,,,,,No explicit capture path found in the accessible repo subset or manual function review.
label_accuracy_flag,field_app,fact_artifact_event; fact_qc_event,PARTIAL,functions/submitLabel.ts (manual repo review),POST /mock/api/labels,label_applied,"{""evidenceId"":""ev_123"",""jobId"":""job_123"",""labelerId"":""qc@example.com"",""label"":""defect"",""confidence"":0.94,""bbox"":{""x"":0.12,""y"":0.21,""w"":0.33,""h"":0.18},""approvedForTraining"":true}","Manual label ingestion captures confidence, bbox and training approval, but review fields are not fully wired end-to-end."
label_capture_flag,field_app,fact_artifact_event; fact_tool_check_event,MISSING,,,,,"Expected as an explicit atlas event field, but no matching capture path was found."
label_review_status,field_app,fact_artifact_event; fact_tool_check_event,MISSING,,,,,NOT FOUND in searched repo subset/manual function review.
ladder_inspection_flag,field_app,fact_escalation_event; fact_runbook_step_event; fact_tool_check_event,MISSING,,,,,No explicit capture path found in the accessible repo subset or manual function review.
lift_cert_flag,field_app,fact_escalation_event; fact_runbook_step_event; fact_tool_check_event,MISSING,,,,,No explicit capture path found in the accessible repo subset or manual function review.
loto_flag,field_app,fact_escalation_event; fact_runbook_step_event; fact_tool_check_event,MISSING,,,,,No explicit capture path found in the accessible repo subset or manual function review.
mileage_actual,either,fact_travel_event,PARTIAL,"src/pages/TimeLog.jsx:226-246; public/openapi.yaml:248-279,586-617",TimeLog.submitTimeEntry / TimeEntryCreate,work_start|work_stop|break_start|break_end|travel_start|travel_end,"{""job_id"":""job_123"",""entry_type"":""travel_start"",""timestamp"":""2026-03-16T08:45:00.000Z"",""source"":""app"",""sync_status"":""pending""}",Time entries are created explicitly and can be used to derive travel/work timestamps and durations.
near_miss_flag,field_app,fact_escalation_event; fact_runbook_step_event; fact_tool_check_event,PARTIAL,src/lib/telemetry.js:81-239,trackEvent / telemetry* helpers,job_check_in|evidence_upload_*|time_clock_*|runbook_step_complete|job_closeout|blocker_created,"{""job_id"":""job_123"",""entry_type"":""travel_start"",""duration_seconds"":900}","Base44 analytics events exist, but they scrub identifiers/coordinates and omit atlas envelope fields."
new_runbook_adoption_flag,field_app,fact_artifact_event; fact_dispatch_event; fact_feedback_event; fact_runbook_step_event; fact_tool_check_event,MISSING,,,,,No explicit capture path found in the accessible repo subset or manual function review.
next_step_handoff_flag,field_app,fact_artifact_event; fact_closeout_event,MISSING,,,,,No explicit capture path found in the accessible repo subset or manual function review.
notes_submitted_flag,field_app,fact_artifact_event; fact_dispatch_event,PARTIAL,"src/hooks/useUploadQueue.js:143-158,246-279",useUploadQueue.uploadItemOnce / addToQueue,evidence_upload,"{""client_event_id"":""evt-kp2m4q-b7e03c1f"",""job_id"":""job_123"",""capture_ts"":""2026-03-16T09:12:33.000Z"",""face_blur"":true,""tags"":[""before_photo""],""serial_number"":""SN-12345""}","Evidence metadata is captured with offline retry, but atlas artifact lifecycle events are not emitted."
offer_timestamp,field_app,fact_dispatch_event,MISSING,,,,,No explicit capture path found in the accessible repo subset or manual function review.
operator_or_system_actor,backend,bronze_technician_profile_snapshot,OUT_OF_SCOPE_BACKEND,,,,,Token maps to backend-only source objects in the atlas and should not be emitted by the field app.
parse_strategy=batched_section_fill,backend,bronze_deal_yaml_context,OUT_OF_SCOPE_BACKEND,,,,,Token maps to backend-only source objects in the atlas and should not be emitted by the field app.
parse_strategy=candidate_span_selection,backend,bronze_deal_yaml_context,OUT_OF_SCOPE_BACKEND,,,,,Token maps to backend-only source objects in the atlas and should not be emitted by the field app.
parse_strategy=count_parser,backend,bronze_deal_yaml_context,OUT_OF_SCOPE_BACKEND,,,,,Token maps to backend-only source objects in the atlas and should not be emitted by the field app.
parse_strategy=currency_parser,backend,bronze_deal_yaml_context,OUT_OF_SCOPE_BACKEND,,,,,Token maps to backend-only source objects in the atlas and should not be emitted by the field app.
parse_strategy=date_parser,backend,bronze_deal_yaml_context,OUT_OF_SCOPE_BACKEND,,,,,Token maps to backend-only source objects in the atlas and should not be emitted by the field app.
parse_strategy=enum_match_then_validate,backend,bronze_deal_yaml_context,OUT_OF_SCOPE_BACKEND,,,,,Token maps to backend-only source objects in the atlas and should not be emitted by the field app.
parse_strategy=fact_first_then_validate,backend,bronze_deal_yaml_context,OUT_OF_SCOPE_BACKEND,,,,,Token maps to backend-only source objects in the atlas and should not be emitted by the field app.
parse_strategy=measurement_parser,backend,bronze_deal_yaml_context,OUT_OF_SCOPE_BACKEND,,,,,Token maps to backend-only source objects in the atlas and should not be emitted by the field app.
parse_strategy=percentage_parser,backend,bronze_deal_yaml_context,OUT_OF_SCOPE_BACKEND,,,,,Token maps to backend-only source objects in the atlas and should not be emitted by the field app.
parse_strategy=regex_then_parse,backend,bronze_deal_yaml_context,OUT_OF_SCOPE_BACKEND,,,,,Token maps to backend-only source objects in the atlas and should not be emitted by the field app.
part_id,field_app,fact_closeout_event; fact_runbook_step_event; fact_tool_check_event,MISSING,,,,,NOT FOUND in searched repo subset/manual function review.
part_shortage_flag,field_app,fact_closeout_event; fact_runbook_step_event; fact_tool_check_event,MISSING,,,,,"Expected as an explicit atlas event field, but no matching capture path was found."
parts_shortage_flag,field_app,fact_tool_check_event,MISSING,,,,,No explicit capture path found in the accessible repo subset or manual function review.
pause_count,either,fact_runbook_step_event; fact_tool_check_event,MISSING,,,,,No explicit capture path found in the accessible repo subset or manual function review.
permit_or_mop_flag,field_app,fact_arrival_event,MISSING,,,,,No explicit capture path found in the accessible repo subset or manual function review.
photo_accept_first_flag,field_app,fact_artifact_event; fact_dispatch_event,MISSING,,,,,"Expected as an explicit atlas event field, but no matching capture path was found."
photo_required_count,either,fact_artifact_event; fact_dispatch_event,PRESENT,"src/lib/types/index.ts:7-53,71-103",Job / RunbookPhase / EvidenceRequirement / FieldSchema types,job_context_snapshot,"{""job_id"":""job_123"",""site_id"":""site_456"",""scheduled_date"":""2026-03-16"",""site_lat"":51.5074,""site_lon"":-0.1278}","Job context is modeled on the client, but no explicit fact_job_context_field emission was found."
photo_task_id,field_app,fact_artifact_event; fact_dispatch_event,MISSING,,,,,NOT FOUND in searched repo subset/manual function review.
photo_uploaded_count,either,fact_artifact_event; fact_dispatch_event,PARTIAL,"src/hooks/useUploadQueue.js:143-158,246-279",useUploadQueue.uploadItemOnce / addToQueue,evidence_upload,"{""client_event_id"":""evt-kp2m4q-b7e03c1f"",""job_id"":""job_123"",""capture_ts"":""2026-03-16T09:12:33.000Z"",""face_blur"":true,""tags"":[""before_photo""],""serial_number"":""SN-12345""}","Evidence metadata is captured with offline retry, but atlas artifact lifecycle events are not emitted."
planned_eta_timestamp,field_app,fact_dispatch_event; fact_travel_event,MISSING,,,,,No explicit capture path found in the accessible repo subset or manual function review.
planned_hours,either,fact_closeout_event; fact_qc_event; fact_runbook_step_event; fact_travel_event,PARTIAL,"src/lib/types/index.ts:7-53,71-103",Job / RunbookPhase / EvidenceRequirement / FieldSchema types,job_context_snapshot,"{""job_id"":""job_123"",""site_id"":""site_456"",""scheduled_date"":""2026-03-16"",""site_lat"":51.5074,""site_lon"":-0.1278}","Job context is modeled on the client, but no explicit fact_job_context_field emission was found."
planned_mileage,either,fact_travel_event,PARTIAL,"src/lib/types/index.ts:7-53,71-103",Job / RunbookPhase / EvidenceRequirement / FieldSchema types,job_context_snapshot,"{""job_id"":""job_123"",""site_id"":""site_456"",""scheduled_date"":""2026-03-16"",""site_lat"":51.5074,""site_lon"":-0.1278}","Job context is modeled on the client, but no explicit fact_job_context_field emission was found."
planned_step_duration_min,field_app,fact_artifact_event / fact_domain_tool_log; fact_dispatch_event; fact_qc_event / fact_domain_tool_log; fact_runbook_step_event; fact_runbook_step_event / fact_domain_tool_log; fact_tool_check_event,MISSING,,,,,NOT FOUND in searched repo subset/manual function review.
pm_response_timestamp,field_app,fact_arrival_event; fact_escalation_event; fact_travel_event,MISSING,,,,,No explicit capture path found in the accessible repo subset or manual function review.
policy_requirement_flag,field_app,fact_runbook_step_event / fact_domain_tool_log,MISSING,,,,,No explicit capture path found in the accessible repo subset or manual function review.
portal_update_flag,field_app,fact_artifact_event; fact_closeout_event,MISSING,,,,,No explicit capture path found in the accessible repo subset or manual function review.
power_charging_ready_flag,field_app,fact_tool_check_event,MISSING,,,,,No explicit capture path found in the accessible repo subset or manual function review.
ppe_compliance_flag,field_app,fact_escalation_event; fact_runbook_step_event; fact_tool_check_event,MISSING,,,,,No explicit capture path found in the accessible repo subset or manual function review.
professionalism_score,either,fact_feedback_event,MISSING,,,,,No explicit capture path found in the accessible repo subset or manual function review.
profile_text_or_list_value,backend,bronze_technician_profile_snapshot,OUT_OF_SCOPE_BACKEND,,,,,Token maps to backend-only source objects in the atlas and should not be emitted by the field app.
punchlist_closed_flag,field_app,fact_artifact_event; fact_closeout_event,MISSING,,,,,No explicit capture path found in the accessible repo subset or manual function review.
punchlist_count,either,fact_artifact_event,MISSING,,,,,No explicit capture path found in the accessible repo subset or manual function review.
qc_checks_completed,field_app,fact_closeout_event; fact_qc_event; fact_runbook_step_event; fact_travel_event,MISSING,,,,,No explicit capture path found in the accessible repo subset or manual function review.
qc_task_id,field_app,fact_artifact_event; fact_qc_event,PARTIAL,functions/submitLabel.ts (manual repo review),POST /mock/api/labels,label_applied,"{""evidenceId"":""ev_123"",""jobId"":""job_123"",""labelerId"":""qc@example.com"",""label"":""defect"",""confidence"":0.94,""bbox"":{""x"":0.12,""y"":0.21,""w"":0.33,""h"":0.18},""approvedForTraining"":true}","Manual label ingestion captures confidence, bbox and training approval, but review fields are not fully wired end-to-end."
radius_15_timestamp,field_app,fact_travel_event,MISSING,,,,,No explicit capture path found in the accessible repo subset or manual function review.
radius_30_timestamp,field_app,fact_travel_event,MISSING,,,,,No explicit capture path found in the accessible repo subset or manual function review.
raw_profile_field_value,backend,bronze_technician_profile_snapshot,OUT_OF_SCOPE_BACKEND,,,,,Token maps to backend-only source objects in the atlas and should not be emitted by the field app.
record_id,backend,bronze_technician_profile_snapshot,OUT_OF_SCOPE_BACKEND,,,,,Token maps to backend-only source objects in the atlas and should not be emitted by the field app.
region_or_language_if_applicable,backend,bronze_technician_profile_snapshot,OUT_OF_SCOPE_BACKEND,,,,,Token maps to backend-only source objects in the atlas and should not be emitted by the field app.
reminder_response_timestamp,field_app,fact_dispatch_event,MISSING,,,,,No explicit capture path found in the accessible repo subset or manual function review.
repeat_request_flag,field_app,fact_feedback_event,MISSING,,,,,No explicit capture path found in the accessible repo subset or manual function review.
required_doc_list,field_app,fact_tool_check_event,MISSING,,,,,No explicit capture path found in the accessible repo subset or manual function review.
required_docs_opened_flag,field_app,fact_arrival_event; fact_runbook_step_event / fact_domain_tool_log; fact_tool_check_event,MISSING,,,,,No explicit capture path found in the accessible repo subset or manual function review.
required_ppe_present_flag,field_app,fact_tool_check_event,MISSING,,,,,No explicit capture path found in the accessible repo subset or manual function review.
required_tool_manifest_id,field_app,fact_arrival_event; fact_tool_check_event,PARTIAL,"src/lib/types/index.ts:7-53,71-103",Job / RunbookPhase / EvidenceRequirement / FieldSchema types,job_context_snapshot,"{""job_id"":""job_123"",""site_id"":""site_456"",""scheduled_date"":""2026-03-16"",""site_lat"":51.5074,""site_lon"":-0.1278}","Job context is modeled on the client, but no explicit fact_job_context_field emission was found."
required_tools_present_flag,field_app,fact_tool_check_event,MISSING,,,,,No explicit capture path found in the accessible repo subset or manual function review.
reschedule_flag,field_app,fact_dispatch_event,MISSING,,,,,No explicit capture path found in the accessible repo subset or manual function review.
response_timestamp,field_app,fact_dispatch_event,MISSING,,,,,No explicit capture path found in the accessible repo subset or manual function review.
restricted_clearance_status,field_app,fact_runbook_step_event; fact_tool_check_event,MISSING,,,,,No explicit capture path found in the accessible repo subset or manual function review.
retest_cycle_count,either,fact_artifact_event; fact_qc_event,PARTIAL,src/pages/AdminQC.jsx:179-204,AdminQC.handleOverride / handleToggleRedact / handleRetryAll,qc_override,"{""qc_status"":""failed"",""qc_fail_reasons"":""blurry"",""face_redacted"":true}","QC UI updates verdict/redaction state on evidence records, but not a canonical fact_qc_event envelope."
retest_flag,field_app,fact_qc_event,PARTIAL,src/pages/AdminQC.jsx:179-204,AdminQC.handleOverride / handleToggleRedact / handleRetryAll,qc_override,"{""qc_status"":""failed"",""qc_fail_reasons"":""blurry"",""face_redacted"":true}","QC UI updates verdict/redaction state on evidence records, but not a canonical fact_qc_event envelope."
return_visit_flag,field_app,fact_closeout_event; fact_qc_event; fact_runbook_step_event; fact_travel_event,MISSING,,,,,No explicit capture path found in the accessible repo subset or manual function review.
review_feedback,field_app,fact_artifact_event / fact_domain_tool_log,PARTIAL,src/pages/AdminQC.jsx:179-204,AdminQC.handleOverride / handleToggleRedact / handleRetryAll,qc_override,"{""qc_status"":""failed"",""qc_fail_reasons"":""blurry"",""face_redacted"":true}","QC UI updates verdict/redaction state on evidence records, but not a canonical fact_qc_event envelope."
review_timestamp,field_app,fact_artifact_event / fact_domain_tool_log; fact_qc_event / fact_domain_tool_log; fact_runbook_step_event / fact_domain_tool_log,PARTIAL,functions/submitLabel.ts (manual repo review),POST /mock/api/labels,label_applied,"{""evidenceId"":""ev_123"",""jobId"":""job_123"",""labelerId"":""qc@example.com"",""label"":""defect"",""confidence"":0.94,""bbox"":{""x"":0.12,""y"":0.21,""w"":0.33,""h"":0.18},""approvedForTraining"":true}","Manual label ingestion captures confidence, bbox and training approval, but review fields are not fully wired end-to-end."
reviewer_id,field_app,fact_qc_event / fact_domain_tool_log,PARTIAL,src/pages/AdminQC.jsx:179-204,AdminQC.handleOverride / handleToggleRedact / handleRetryAll,qc_override,"{""qc_status"":""failed"",""qc_fail_reasons"":""blurry"",""face_redacted"":true}","QC UI updates verdict/redaction state on evidence records, but not a canonical fact_qc_event envelope."
rework_cycle_count,either,fact_artifact_event; fact_artifact_event / fact_domain_tool_log; fact_qc_event; fact_qc_event / fact_domain_tool_log; fact_runbook_step_event / fact_domain_tool_log,PARTIAL,src/pages/AdminQC.jsx:179-204,AdminQC.handleOverride / handleToggleRedact / handleRetryAll,qc_override,"{""qc_status"":""failed"",""qc_fail_reasons"":""blurry"",""face_redacted"":true}","QC UI updates verdict/redaction state on evidence records, but not a canonical fact_qc_event envelope."
rework_flag,field_app,fact_artifact_event / fact_domain_tool_log; fact_qc_event; fact_qc_event / fact_domain_tool_log; fact_runbook_step_event / fact_domain_tool_log,PARTIAL,src/pages/AdminQC.jsx:179-204,AdminQC.handleOverride / handleToggleRedact / handleRetryAll,qc_override,"{""qc_status"":""failed"",""qc_fail_reasons"":""blurry"",""face_redacted"":true}","QC UI updates verdict/redaction state on evidence records, but not a canonical fact_qc_event envelope."
risk_flag_ack_flag,field_app,fact_arrival_event; fact_runbook_step_event / fact_domain_tool_log; fact_tool_check_event,MISSING,,,,,No explicit capture path found in the accessible repo subset or manual function review.
route_departure_timestamp,field_app,fact_dispatch_event; fact_travel_event,PRESENT,"src/pages/TimeLog.jsx:226-246; public/openapi.yaml:248-279,586-617",TimeLog.submitTimeEntry / TimeEntryCreate,work_start|work_stop|break_start|break_end|travel_start|travel_end,"{""job_id"":""job_123"",""entry_type"":""travel_start"",""timestamp"":""2026-03-16T08:45:00.000Z"",""source"":""app"",""sync_status"":""pending""}",Time entries are created explicitly and can be used to derive travel/work timestamps and durations.
route_plan_created_timestamp,field_app,fact_dispatch_event; fact_travel_event,MISSING,,,,,"Expected as an explicit atlas event field, but no matching capture path was found."
runbook_version,field_app,fact_arrival_event; fact_dispatch_event; fact_runbook_step_event; fact_runbook_step_event / fact_domain_tool_log; fact_tool_check_event,PARTIAL,"src/lib/types/index.ts:7-53,71-103",Job / RunbookPhase / EvidenceRequirement / FieldSchema types,job_context_snapshot,"{""job_id"":""job_123"",""site_id"":""site_456"",""scheduled_date"":""2026-03-16"",""site_lat"":51.5074,""site_lon"":-0.1278}","Job context is modeled on the client, but no explicit fact_job_context_field emission was found."
safety_report_timestamp,field_app,fact_escalation_event; fact_runbook_step_event,PARTIAL,src/lib/telemetry.js:81-239,trackEvent / telemetry* helpers,job_check_in|evidence_upload_*|time_clock_*|runbook_step_complete|job_closeout|blocker_created,"{""job_id"":""job_123"",""entry_type"":""travel_start"",""duration_seconds"":900}","Base44 analytics events exist, but they scrub identifiers/coordinates and omit atlas envelope fields."
schedule_conflict_flag,field_app,fact_dispatch_event,MISSING,,,,,No explicit capture path found in the accessible repo subset or manual function review.
scheduled_start_timestamp,field_app,fact_arrival_event; fact_dispatch_event; fact_travel_event,PARTIAL,"src/lib/types/index.ts:7-53,71-103",Job / RunbookPhase / EvidenceRequirement / FieldSchema types,job_context_snapshot,"{""job_id"":""job_123"",""site_id"":""site_456"",""scheduled_date"":""2026-03-16"",""site_lat"":51.5074,""site_lon"":-0.1278}","Job context is modeled on the client, but no explicit fact_job_context_field emission was found."
scope_deviation_flag,field_app,fact_runbook_step_event; fact_tool_check_event,MISSING,,,,,No explicit capture path found in the accessible repo subset or manual function review.
serial_capture_flag,field_app,fact_artifact_event; fact_dispatch_event,PARTIAL,"src/hooks/useUploadQueue.js:143-158,246-279",useUploadQueue.uploadItemOnce / addToQueue,evidence_upload,"{""client_event_id"":""evt-kp2m4q-b7e03c1f"",""job_id"":""job_123"",""capture_ts"":""2026-03-16T09:12:33.000Z"",""face_blur"":true,""tags"":[""before_photo""],""serial_number"":""SN-12345""}","Evidence metadata is captured with offline retry, but atlas artifact lifecycle events are not emitted."
serial_review_status,field_app,fact_artifact_event,MISSING,,,,,NOT FOUND in searched repo subset/manual function review.
serial_value,field_app,fact_artifact_event,PARTIAL,"src/hooks/useUploadQueue.js:143-158,246-279",useUploadQueue.uploadItemOnce / addToQueue,evidence_upload,"{""client_event_id"":""evt-kp2m4q-b7e03c1f"",""job_id"":""job_123"",""capture_ts"":""2026-03-16T09:12:33.000Z"",""face_blur"":true,""tags"":[""before_photo""],""serial_number"":""SN-12345""}","Evidence metadata is captured with offline retry, but atlas artifact lifecycle events are not emitted."
shift_start_timestamp,field_app,fact_dispatch_event,MISSING,,,,,No explicit capture path found in the accessible repo subset or manual function review.
signoff_without_punchlist_flag,field_app,fact_artifact_event; fact_qc_event,PARTIAL,src/pages/AdminQC.jsx:179-204,AdminQC.handleOverride / handleToggleRedact / handleRetryAll,qc_override,"{""qc_status"":""failed"",""qc_fail_reasons"":""blurry"",""face_redacted"":true}","QC UI updates verdict/redaction state on evidence records, but not a canonical fact_qc_event envelope."
site_constraint_ack_flag,field_app,fact_arrival_event; fact_runbook_step_event / fact_domain_tool_log; fact_tool_check_event,MISSING,,,,,No explicit capture path found in the accessible repo subset or manual function review.
site_contact_rating,field_app,fact_feedback_event,MISSING,,,,,No explicit capture path found in the accessible repo subset or manual function review.
site_contact_reached_timestamp,field_app,fact_arrival_event; fact_feedback_event,MISSING,,,,,No explicit capture path found in the accessible repo subset or manual function review.
site_contact_required_flag,field_app,fact_arrival_event; fact_feedback_event,PARTIAL,"src/lib/types/index.ts:7-53,71-103",Job / RunbookPhase / EvidenceRequirement / FieldSchema types,job_context_snapshot,"{""job_id"":""job_123"",""site_id"":""site_456"",""scheduled_date"":""2026-03-16"",""site_lat"":51.5074,""site_lon"":-0.1278}","Job context is modeled on the client, but no explicit fact_job_context_field emission was found."
snapshot_date,backend,bronze_technician_profile_snapshot,OUT_OF_SCOPE_BACKEND,,,,,Token maps to backend-only source objects in the atlas and should not be emitted by the field app.
source_artifact_id,backend,bronze_deal_yaml_context,OUT_OF_SCOPE_BACKEND,,,,,Token maps to backend-only source objects in the atlas and should not be emitted by the field app.
source_precedence_rank,backend,bronze_deal_yaml_context,OUT_OF_SCOPE_BACKEND,,,,,Token maps to backend-only source objects in the atlas and should not be emitted by the field app.
source_snapshot_version,backend,bronze_technician_profile_snapshot,OUT_OF_SCOPE_BACKEND,,,,,Token maps to backend-only source objects in the atlas and should not be emitted by the field app.
source_system,backend,bronze_technician_profile_snapshot,OUT_OF_SCOPE_BACKEND,,,,,Token maps to backend-only source objects in the atlas and should not be emitted by the field app.
source_type,backend,bronze_deal_yaml_context,OUT_OF_SCOPE_BACKEND,,,,,Token maps to backend-only source objects in the atlas and should not be emitted by the field app.
spares_ready_flag,field_app,fact_tool_check_event,MISSING,,,,,No explicit capture path found in the accessible repo subset or manual function review.
status_change_log_flag,field_app,fact_arrival_event; fact_escalation_event; fact_travel_event,PARTIAL,"src/lib/fieldAdapters.js:22-33,78-90,135-160,186-224,244-263",writeAudit / updateJob / createEvidence / createLabel / logActivity,AuditLog / Activity,"{""action_type"":""job_status_change"",""entity_type"":""Job"",""job_id"":""job_123"",""client_ts"":""2026-03-16T08:45:00.000Z""}","Audit and activity adapters preserve some operational signals, but not the required raw event families."
status_flag,either,bronze_technician_profile_snapshot; fact_runbook_step_event; fact_tool_check_event,MISSING,,,,,No explicit capture path found in the accessible repo subset or manual function review.
step_end_timestamp,field_app,fact_artifact_event / fact_domain_tool_log; fact_qc_event / fact_domain_tool_log; fact_runbook_step_event; fact_runbook_step_event / fact_domain_tool_log; fact_tool_check_event,PARTIAL,functions/runbookStepResult.ts (manual repo review),POST /mock/api/runbooks/steps/result,runbook_step_result,"{""stepId"":""step_phase2_3"",""workOrderId"":""job_123"",""techId"":""tech_123"",""result"":""complete"",""durationSeconds"":420,""evidenceIds"":[""ev_123""]}","Runbook step result path exists and writes Activity/AuditLog, but not the atlas runbook_step_event schema."
step_family,field_app,fact_runbook_step_event / fact_domain_tool_log,MISSING,,,,,No explicit capture path found in the accessible repo subset or manual function review.
step_instance_id,field_app,fact_artifact_event / fact_domain_tool_log; fact_qc_event / fact_domain_tool_log; fact_runbook_step_event; fact_runbook_step_event / fact_domain_tool_log; fact_tool_check_event,PARTIAL,functions/runbookStepResult.ts (manual repo review),POST /mock/api/runbooks/steps/result,runbook_step_result,"{""stepId"":""step_phase2_3"",""workOrderId"":""job_123"",""techId"":""tech_123"",""result"":""complete"",""durationSeconds"":420,""evidenceIds"":[""ev_123""]}","Runbook step result path exists and writes Activity/AuditLog, but not the atlas runbook_step_event schema."
step_sequence_preview_flag,field_app,fact_arrival_event; fact_runbook_step_event / fact_domain_tool_log; fact_tool_check_event,MISSING,,,,,No explicit capture path found in the accessible repo subset or manual function review.
step_start_timestamp,field_app,fact_artifact_event / fact_domain_tool_log; fact_qc_event / fact_domain_tool_log; fact_runbook_step_event; fact_runbook_step_event / fact_domain_tool_log; fact_tool_check_event,PARTIAL,functions/runbookStepResult.ts (manual repo review),POST /mock/api/runbooks/steps/result,runbook_step_result,"{""stepId"":""step_phase2_3"",""workOrderId"":""job_123"",""techId"":""tech_123"",""result"":""complete"",""durationSeconds"":420,""evidenceIds"":[""ev_123""]}","Runbook step result path exists and writes Activity/AuditLog, but not the atlas runbook_step_event schema."
subdomain_coverage_count,either,fact_artifact_event; fact_dispatch_event; fact_feedback_event; fact_runbook_step_event; fact_tool_check_event,MISSING,,,,,No explicit capture path found in the accessible repo subset or manual function review.
subdomain_id,field_app,fact_runbook_step_event / fact_domain_tool_log,MISSING,,,,,No explicit capture path found in the accessible repo subset or manual function review.
tasks_completed,field_app,fact_closeout_event; fact_qc_event; fact_runbook_step_event; fact_travel_event,MISSING,,,,,No explicit capture path found in the accessible repo subset or manual function review.
technician_id,either,bronze_technician_profile_snapshot; fact_arrival_event; fact_artifact_event; fact_artifact_event / fact_domain_tool_log; fact_closeout_event; fact_dispatch_event; fact_escalation_event; fact_feedback_event; fact_qc_event; fact_qc_event / fact_domain_tool_log; fact_runbook_step_event; fact_runbook_step_event / fact_domain_tool_log; fact_tool_check_event; fact_travel_event,PARTIAL,"src/hooks/useJobQueue.js:20-27,97-148",useJobQueue.startTimer / eventTypeToJobUpdate,check_in,"{""client_event_id"":""evt-lp4abc-xyz"",""job_id"":""job_123"",""event_type"":""check_in"",""assignee_id"":""tech@example.com"",""device_ts"":""2026-03-16T15:49:00Z"",""device_meta"":{""battery"":null,""gps_accuracy"":null}}","Optimistic check-in queue stores timestamp and assignee email, then mutates Job.check_in_time/status."
tester_meter_ready_flag,field_app,fact_tool_check_event,MISSING,,,,,No explicit capture path found in the accessible repo subset or manual function review.
timecard_approved_flag,field_app,fact_closeout_event,MISSING,,,,,No explicit capture path found in the accessible repo subset or manual function review.
timecard_submit_timestamp,field_app,fact_artifact_event; fact_closeout_event,MISSING,,,,,No explicit capture path found in the accessible repo subset or manual function review.
timestamp,backend,bronze_technician_profile_snapshot,OUT_OF_SCOPE_BACKEND,,,,,Token maps to backend-only source objects in the atlas and should not be emitted by the field app.
toll_transit_cost,field_app,fact_travel_event,MISSING,,,,,No explicit capture path found in the accessible repo subset or manual function review.
tool_checklist_id,field_app,fact_tool_check_event,MISSING,,,,,No explicit capture path found in the accessible repo subset or manual function review.
tool_mastery_score,either,fact_artifact_event; fact_dispatch_event; fact_feedback_event; fact_runbook_step_event; fact_tool_check_event,MISSING,,,,,No explicit capture path found in the accessible repo subset or manual function review.
toolbox_talk_flag,field_app,fact_escalation_event; fact_runbook_step_event; fact_tool_check_event,MISSING,,,,,No explicit capture path found in the accessible repo subset or manual function review.
training_completion_timestamp,field_app,fact_dispatch_event; fact_runbook_step_event,MISSING,,,,,No explicit capture path found in the accessible repo subset or manual function review.
training_current_flag,field_app,fact_artifact_event; fact_dispatch_event; fact_feedback_event; fact_runbook_step_event; fact_tool_check_event,MISSING,,,,,No explicit capture path found in the accessible repo subset or manual function review.
training_event_id,field_app,fact_artifact_event; fact_dispatch_event; fact_feedback_event; fact_runbook_step_event; fact_tool_check_event,MISSING,,,,,No explicit capture path found in the accessible repo subset or manual function review.
travel_minutes,either,fact_closeout_event; fact_qc_event; fact_runbook_step_event; fact_travel_event,PARTIAL,"src/pages/TimeLog.jsx:34-54,226-246",TimeLog.calculateDurations / submitTimeEntry,derived_time_metrics,"{""job_id"":""job_123"",""work_seconds"":5400,""travel_seconds"":1800,""break_seconds"":900}","Durations are derived in the UI from timestamp pairs, not persisted as canonical atlas metrics."
unsafe_condition_escalation_flag,field_app,fact_escalation_event; fact_runbook_step_event; fact_tool_check_event,PARTIAL,src/lib/telemetry.js:81-239,trackEvent / telemetry* helpers,job_check_in|evidence_upload_*|time_clock_*|runbook_step_complete|job_closeout|blocker_created,"{""job_id"":""job_123"",""entry_type"":""travel_start"",""duration_seconds"":900}","Base44 analytics events exist, but they scrub identifiers/coordinates and omit atlas envelope fields."
validation_result,field_app,fact_qc_event / fact_domain_tool_log,PARTIAL,src/pages/AdminQC.jsx:179-204,AdminQC.handleOverride / handleToggleRedact / handleRetryAll,qc_override,"{""qc_status"":""failed"",""qc_fail_reasons"":""blurry"",""face_redacted"":true}","QC UI updates verdict/redaction state on evidence records, but not a canonical fact_qc_event envelope."
vehicle_compliance_status,field_app,fact_runbook_step_event; fact_tool_check_event,MISSING,,,,,No explicit capture path found in the accessible repo subset or manual function review.
work_minutes,either,fact_closeout_event; fact_qc_event; fact_runbook_step_event; fact_travel_event,PARTIAL,"src/pages/TimeLog.jsx:34-54,226-246",TimeLog.calculateDurations / submitTimeEntry,derived_time_metrics,"{""job_id"":""job_123"",""work_seconds"":5400,""travel_seconds"":1800,""break_seconds"":900}","Durations are derived in the UI from timestamp pairs, not persisted as canonical atlas metrics."
work_start_timestamp,field_app,fact_arrival_event,PRESENT,"src/hooks/useJobQueue.js:20-27,97-148",useJobQueue.startTimer / eventTypeToJobUpdate,work_start,"{""client_event_id"":""evt-lp4abc-xyz"",""job_id"":""job_123"",""event_type"":""work_start"",""assignee_id"":""tech@example.com"",""device_ts"":""2026-03-16T15:49:00Z"",""device_meta"":{""battery"":null,""gps_accuracy"":null}}","Work start is queued offline and updates Job.work_start_time/status, but not as immutable atlas event."
